,metabolite,flux,name,hmdb,kegg.compound,pubchem.compound,inchi,chebi,reaction,global_id
0,but,2e-05,butyrate,HMDB00039,C00246,264.0,"InChI=1S/C4H8O2/c1-2-3-4(5)6/h2-3H2,1H3,(H,5,6)/p-1",,EX_but_m,EX_but(e)
1,octa,2e-05,octanoate (n-C8:0),HMDB00482,C06423,379.0,"InChI=1S/C8H16O2/c1-2-3-4-5-6-7-8(9)10/h2-7H2,1H3,(H,9,10)/p-1",,EX_octa_m,EX_octa(e)
2,ddca,0.00493703771716192,laurate,HMDB00638,C02679,3893.0,"InChI=1S/C12H24O2/c1-2-3-4-5-6-7-8-9-10-11-12(13)14/h2-11H2,1H3,(H,13,14)/p-1",,EX_ddca_m,EX_ddca(e)
3,ttdca,0.00432788096568042,tetradecanoate (n-C14:0),HMDB00806,C06424,11005.0,"InChI=1S/C14H28O2/c1-2-3-4-5-6-7-8-9-10-11-12-13-14(15)16/h2-13H2,1H3,(H,15,16)/p-1",,EX_ttdca_m,EX_ttdca(e)
4,hdca,0.16180655800476168,Hexadecanoate (n-C16:0),HMDB00220,C00249,985.0,"InChI=1S/C16H32O2/c1-2-3-4-5-6-7-8-9-10-11-12-13-14-15-16(17)18/h2-15H2,1H3,(H,17,18)/p-1",,EX_hdca_m,EX_hdca(e)
5,ocdca,0.0347127537267704,octadecanoate (n-C18:0),HMDB00827,C01530,3033836.0,"InChI=1S/C18H36O2/c1-2-3-4-5-6-7-8-9-10-11-12-13-14-15-16-17-18(19)20/h2-17H2,1H3,(H,19,20)/p-1",,EX_ocdca_m,EX_ocdca(e)
6,hdcea,2e-05,Hexadecenoate (n-C16:1),HMDB03229,C08362,445638.0,"InChI=1S/C16H30O2/c1-2-3-4-5-6-7-8-9-10-11-12-13-14-15-16(17)18/h7-8H,2-6,9-15H2,1H3,(H,17,18)/p-1/b8-7-",,EX_hdcea_m,EX_hdcea(e)
7,ocdcea,0.2692026459797608,octadecenoate (n-C18:1),HMDB00207,C00712,5460221.0,"InChI=1S/C18H34O2/c1-2-3-4-5-6-7-8-9-10-11-12-13-14-15-16-17-18(19)20/h9-10H,2-8,11-17H2,1H3,(H,19,20)/p-1/b10-9-",,EX_ocdcea_m,EX_ocdcea(e)
8,chsterol,2e-05,cholesterol,HMDB00067,C00187,5997.0,,,EX_chsterol_m,EX_chsterol(e)
9,ca2,1.7186486351614352,calcium(2+),HMDB00464,C00076,,InChI=1S/Ca/q+2,,EX_ca2_m,EX_ca2(e)
10,fe2,0.01136502820306204,Fe2+,HMDB00692,C14818,27284.0,InChI=1S/Fe/q+2,,EX_fe2_m,EX_fe2(e)
11,fe3,0.01136502820306204,Fe3+,HMDB12943,C14819,29936.0,InChI=1S/Fe/q+3,,EX_fe3_m,EX_fe3(e)
12,mg2,7.287389426044024,magnesium,,,,,,EX_mg2_m,EX_mg2(e)
13,pi,1.014968852658855,hydrogenphosphate,HMDB00973,C00009,1004.0,"InChI=1S/H3O4P/c1-5(2,3)4/h(H3,1,2,3,4)/p-2",,EX_pi_m,EX_pi(e)
14,k,9.110575140095603,potassium,HMDB00586,C00238,813.0,InChI=1S/K/q+1,,EX_k_m,EX_k(e)
15,na1,0.08560329492789062,Sodium,HMDB00588,C01330,923.0,InChI=1S/Na/q+1,,EX_na1_m,EX_na1(e)
16,zn2,0.0752523707555827,Zinc,,,,,,EX_zn2_m,EX_zn2(e)
17,cu2,0.0140137852893966,Cu2+,,,,,,EX_cu2_m,EX_cu2(e)
18,mn2,0.0354639485260168,Mn2+,,,,,,EX_mn2_m,EX_mn2(e)
19,h2o,3795.564654004822,Water,HMDB02111,C00001,962.0,InChI=1S/H2O/h1H2,,EX_h2o_m,EX_h2o(e)
20,etoh,2e-05,ethanol,HMDB00108,C00469,702.0,"InChI=1S/C2H6O/c1-2-3/h3H,2H2,1H3",,EX_etoh_m,EX_etoh(e)
21,trp_L,0.4480935751317664,L-tryptophan,HMDB00929,C00078,6305.0,"InChI=1S/C11H12N2O2/c12-9(11(14)15)5-7-6-13-10-4-2-1-3-8(7)10/h1-4,6,9,13H,5,12H2,(H,14,15)/t9-/m0/s1",,EX_trp_L_m,EX_trp_L(e)
22,thr_L,2.445147381782282,L-threonine,HMDB00167,C00188,6288.0,"InChI=1S/C4H9NO3/c1-2(6)3(5)4(7)8/h2-3,6H,5H2,1H3,(H,7,8)/t2-,3+/m1/s1",,EX_thr_L_m,EX_thr_L(e)
23,ile_L,2.580533021683595,L-isoleucine,HMDB00172,C00407,6306.0,"InChI=1S/C6H13NO2/c1-3-4(2)5(7)6(8)9/h4-5H,3,7H2,1-2H3,(H,8,9)/t4-,5-/m0/s1",,EX_ile_L_m,EX_ile_L(e)
24,leu_L,4.485926590019738,L-leucine,HMDB00687,C00123,6106.0,"InChI=1S/C6H13NO2/c1-4(2)3-5(7)6(8)9/h4-5H,3,7H2,1-2H3,(H,8,9)/t5-/m0/s1",,EX_leu_L_m,EX_leu_L(e)
25,lys_L,4.02436215781053,L-lysinium(1+),HMDB00182,C00047,5962.0,"InChI=1S/C6H14N2O2/c7-4-2-1-3-5(8)6(9)10/h5H,1-4,7-8H2,(H,9,10)/p+1/t5-/m0/s1",,EX_lys_L_m,EX_lys_L(e)
26,met_L,0.5605473580084083,L-methionine,HMDB00696,C00073,6137.0,"InChI=1S/C5H11NO2S/c1-9-3-2-4(6)5(7)8/h4H,2-3,6H2,1H3,(H,7,8)/t4-/m0/s1",,EX_met_L_m,EX_met_L(e)
27,phe_L,2.2874148475898233,L-phenylalanine,HMDB00159,C00079,6140.0,"InChI=1S/C9H11NO2/c10-8(9(11)12)6-7-4-2-1-3-5-7/h1-5,8H,6,10H2,(H,11,12)/t8-/m0/s1",,EX_phe_L_m,EX_phe_L(e)
28,tyr_L,1.3142555956917794,L-tyrosine,HMDB00158,C00082,6057.0,"InChI=1S/C9H11NO3/c10-8(9(12)13)5-6-1-3-7(11)4-2-6/h1-4,8,11H,5,10H2,(H,12,13)/t8-/m0/s1",,EX_tyr_L_m,EX_tyr_L(e)
29,val_L,3.3095027329074846,L-valine,HMDB00883,C00183,6287.0,"InChI=1S/C5H11NO2/c1-3(2)4(6)5(7)8/h3-4H,6H2,1-2H3,(H,7,8)/t4-/m0/s1",,EX_val_L_m,EX_val_L(e)
30,arg_L,4.178417877174048,L-argininium(1+),HMDB00517,C00062,6322.0,"InChI=1S/C6H14N4O2/c7-4(5(11)12)2-1-3-10-6(8)9/h4H,1-3,7H2,(H,11,12)(H4,8,9,10)/p+1/t4-/m0/s1",,EX_arg_L_m,EX_arg_L(e)
31,his_L,1.2874384646024033,L-histidine,HMDB00177,C00135,6274.0,"InChI=1S/C6H9N3O2/c7-5(6(10)11)1-4-2-8-3-9-4/h2-3,5H,1,7H2,(H,8,9)(H,10,11)/t5-/m0/s1",,EX_his_L_m,EX_his_L(e)
32,ala_D,2.0266866607103577,D-alanine,HMDB01310,C00133,71080.0,"InChI=1S/C3H7NO2/c1-2(4)3(5)6/h2H,4H2,1H3,(H,5,6)/t2-/m1/s1",,EX_ala_D_m,EX_ala_D(e)
33,ala_L,2.0266866607103577,L-alanine,HMDB00161,C00041,5950.0,"InChI=1S/C3H7NO2/c1-2(4)3(5)6/h2H,4H2,1H3,(H,5,6)/t2-/m0/s1",,EX_ala_L_m,EX_ala_L(e)
34,asp_L,3.665006998766794,L-aspartate(1-),HMDB00191,C00049,5960.0,"InChI=1S/C4H7NO4/c5-2(4(8)9)1-3(6)7/h2H,1,5H2,(H,6,7)(H,8,9)/p-1/t2-/m0/s1",,EX_asp_L_m,EX_asp_L(e)
35,glu_L,9.602871039335128,L-glutamate(1-),HMDB00148,C00025,33032.0,"InChI=1S/C5H9NO4/c6-3(5(9)10)1-2-4(7)8/h3H,1-2,6H2,(H,7,8)(H,9,10)/p-1/t3-/m0/s1",,EX_glu_L_m,EX_glu_L(e)
36,gly,4.863201477088347,Glycine,HMDB00123,C00037,750.0,"InChI=1S/C2H5NO2/c3-1-2(4)5/h1,3H2,(H,4,5)",,EX_gly_m,EX_gly(e)
37,pro_D,7.35026773965196,D-proline,HMDB03411,C00763,8988.0,"InChI=1S/C5H9NO2/c7-5(8)4-2-1-3-6-4/h4,6H,1-3H2,(H,7,8)/t4-/m1/s1",,EX_pro_D_m,EX_pro_D(e)
38,pro_L,1.470053547930392,L-proline,HMDB00162,C00148,145742.0,"InChI=1S/C5H9NO2/c7-5(8)4-2-1-3-6-4/h4,6H,1-3H2,(H,7,8)/t4-/m0/s1",,EX_pro_L_m,EX_pro_L(e)
39,ser_L,3.4362838106584093,L-serine,HMDB00187,C00065,5951.0,"InChI=1S/C3H7NO3/c4-2(1-5)3(6)7/h2,5H,1,4H2,(H,6,7)/t2-/m0/s1",,EX_ser_L_m,EX_ser_L(e)
40,ascb_L,0.00224765041726578,L-ascorbate,HMDB00044,C00072,,"InChI=1S/C6H8O6/c7-1-2(8)5-3(9)4(10)6(11)12-5/h2,5,7-10H,1H2/p-1/t2-,5+/m0/s1",,EX_ascb_L_m,EX_ascb_L(e)
41,thm,0.0007045666440302801,Thiamin,HMDB00235,C00378,1130.0,"InChI=1S/C12H17N4OS/c1-8-11(3-4-17)18-7-16(8)6-10-5-14-9(2)15-12(10)13/h5,7,17H,3-4,6H2,1-2H3,(H2,13,14,15)/q+1",,EX_thm_m,EX_thm(e)
42,ribflv,0.00014641149164412,Riboflavin,HMDB00244,C00255,493570.0,,,EX_ribflv_m,EX_ribflv(e)
43,nac,0.0035861967297699,Nicotinate,HMDB01488,C00253,938.0,,,EX_nac_m,EX_nac(e)
44,ncam,0.0035855183967849202,Nicotinamide,HMDB01406,C00153,936.0,,,EX_ncam_m,EX_ncam(e)
45,pnto_R,0.0026828944172810803,(R)-Pantothenate,HMDB00210,C00864,988.0,"InChI=1S/C9H17NO5/c1-9(2,5-11)7(14)8(15)10-4-3-6(12)13/h7,11,14H,3-5H2,1-2H3,(H,10,15)(H,12,13)/p-1",,EX_pnto_R_m,EX_pnto_R(e)
46,pydam,9.30490954545e-05,Pyridoxamine,HMDB01431,C00534,1052.0,"InChI=1S/C8H12N2O2/c1-5-8(12)7(2-9)6(4-11)3-10-5/h3,11-12H,2,4,9H2,1H3/p+1",,EX_pydam_m,EX_pydam(e)
47,pydx,9.418408489966001e-05,Pyridoxal,HMDB01545,C00250,1050.0,"InChI=1S/C8H9NO3/c1-5-8(12)7(4-11)6(3-10)2-9-5/h2,4,10,12H,3H2,1H3",,EX_pydx_m,EX_pydx(e)
48,pydxn,9.306185563354001e-05,Pyridoxine,HMDB00239,C00314,1054.0,"InChI=1S/C8H11NO3/c1-5-8(12)7(4-11)6(3-10)2-9-5/h2,10-12H,3-4H2,1H3",,EX_pydxn_m,EX_pydxn(e)
49,5mthf,3.4878554356980005e-05,5-Methyltetrahydrofolate,HMDB01396,C00440,439234.0,,,EX_5mthf_m,EX_5mthf(e)
50,fol,3.6308767579600004e-05,Folate,HMDB00121,C00504,6037.0,,,EX_fol_m,EX_fol(e)
51,thf,3.606116460646e-05,"5,6,7,8-Tetrahydrofolate",HMDB01846,C00101,91443.0,,,EX_thf_m,EX_thf(e)
52,chol,0.3098296259604419,Choline,HMDB00097,C00114,305.0,"InChI=1S/C5H14NO/c1-6(2,3)4-5-7/h7H,4-5H2,1-3H3/q+1",,EX_chol_m,EX_chol(e)
53,retinol,2e-05,retinol,HMDB00305,C00473,445354.0,"InChI=1S/C20H30O/c1-16(8-6-9-17(2)13-15-21)11-12-19-18(3)10-7-14-20(19,4)5/h6,8-9,11-13,21H,7,10,14-15H2,1-5H3",,EX_retinol_m,EX_retinol(e)
54,caro,7.331348256540001e-06,beta-carotene,HMDB00561,C02094,,,,EX_caro_m,EX_caro(e)
55,phyQ,5.45822824579e-05,phylloquinone,HMDB03555,C02059,5280483.0,,,EX_phyQ_m,EX_phyQ(e)
56,core2,1.0,Core 2,,,,,,EX_core2_m,EX_core2(e)
57,core2_rl,1.0,released Core 2,,,,,,EX_core2_rl_m,EX_core2_rl(e)
58,core3,1.0,Core 3,,,,,,EX_core3_m,EX_core3(e)
59,core6,1.0,Core 6,,,,,,EX_core6_m,EX_core6(e)
60,core8,1.0,Core 8,,,,,,EX_core8_m,EX_core8(e)
61,core4,1.0,Core 4,,,,,,EX_core4_m,EX_core4(e)
62,core4_rl,1.0,released Core 4,,,,,,EX_core4_rl_m,EX_core4_rl(e)
63,core5,1.0,Core 5,,,,,,EX_core5_m,EX_core5(e)
64,gncore1,1.0,"GlcNAc-alpha-1,4-Core 1",,,,,,EX_gncore1_m,EX_gncore1(e)
65,gncore1_rl,1.0,"released GlcNAc-alpha-1,4-Core 1",,,,,,EX_gncore1_rl_m,EX_gncore1_rl(e)
66,gncore2,1.0,"GlcNAc-alpha-1,4-Core 2",,,,,,EX_gncore2_m,EX_gncore2(e)
67,gncore2_rl,1.0,"released GlcNAc-alpha-1,4-Core 2",,,,,,EX_gncore2_rl_m,EX_gncore2_rl(e)
68,core7,1.0,Core 7,,,,,,EX_core7_m,EX_core7(e)
69,gchola,1.0,glycocholate,HMDB00138,C01921,10140.0,,,EX_gchola_m,EX_gchola(e)
70,tchola,1.0,taurocholate,HMDB00036,,440567.0,,,EX_tchola_m,EX_tchola(e)
71,o2,0.001,O2,HMDB01377,C00007,977.0,InChI=1S/O2/c1-2,,EX_o2_m,EX_o2(e)
72,arabttr,10.000000001,Arabinotriose,,,,,,EX_arabttr_m,EX_arabttr(e)
73,cl,0.006991976717761838,Chloride,HMDB00492,C00698,312.0,InChI=1S/ClH/h1H/p-1,,EX_cl_m,EX_cl(e)
74,cobalt2,0.006991976717761838,Co2+,,,,,,EX_cobalt2_m,EX_cobalt2(e)
75,glyglu,10.0,Glycyl-L-glutamate,,,,,,EX_glyglu_m,EX_glyglu(e)
76,gthrd,0.0027654084400894757,Reduced glutathione,HMDB00125,C00051,124886.0,,,EX_gthrd_m,EX_gthrd(e)
77,mqn8,0.0061198689921673766,Menaquinone 8,,C00828,4086.0,,,EX_mqn8_m,EX_mqn8(e)
78,nmn,10.000000001,NMN,HMDB00229,C00455,14180.0,,,EX_nmn_m,EX_nmn(e)
79,pheme,0.006991976717761838,Protoheme,HMDB03178,C00032,,,,EX_pheme_m,EX_pheme(e)
80,sheme,0.006991976717761838,Siroheme,,,,,,EX_sheme_m,EX_sheme(e)
81,so4,10.0,sulfate,HMDB01448,C00059,1118.0,"InChI=1S/H2O4S/c1-5(2,3)4/h(H2,1,2,3,4)/p-2",,EX_so4_m,EX_so4(e)
82,spmd,0.00580871606879386,Spermidine,HMDB01257,C00315,1102.0,"InChI=1S/C7H19N3/c8-4-1-2-6-10-7-3-5-9/h10H,1-9H2/p+3",,EX_spmd_m,EX_spmd(e)
83,thymd,0.018078065054243933,Thymidine,HMDB00273,C00214,5789.0,"InChI=1S/C10H14N2O5/c1-5-3-12(10(16)11-9(5)15)8-2-6(14)7(4-13)17-8/h3,6-8,13-14H,2,4H2,1H3,(H,11,15,16)/t6-,7+,8+/m0/s1",,EX_thymd_m,EX_thymd(e)
84,ura,3.2109102928505244,uracil,HMDB00300,C00106,1174.0,"InChI=1S/C4H4N2O2/c7-3-1-2-5-4(8)6-3/h1-2H,(H2,5,6,7,8)",,EX_ura_m,EX_ura(e)
85,cgly,10.000000001,L-cysteinylglycine,HMDB00078,C01419,439498.0,"InChI=1S/C5H10N2O3S/c6-3(2-11)5(10)7-1-4(8)9/h3,11H,1-2,6H2,(H,7,10)(H,8,9)/t3-/m0/s1",,EX_cgly_m,EX_cgly(e)
86,glygln,10.0,Glycyl-L-glutamine,,,,,,EX_glygln_m,EX_glygln(e)
87,hxan,10.0,Hypoxanthine,HMDB00157,C00262,790.0,"InChI=1S/C5H4N4O/c10-5-3-4(7-1-6-3)8-2-9-5/h1-2H,(H2,6,7,8,9,10)",,EX_hxan_m,EX_hxan(e)
88,pullulan1200,0.00782506903139721,"pullulan (n=1200 repeat units, alpha-1,4 and alph-1,6 bounds)",,,,,,EX_pullulan1200_m,EX_pullulan1200(e)
89,rib_D,10.000000001,D-ribose,HMDB00283,C00121,5779.0,,,EX_rib_D_m,EX_rib_D(e)
90,26dap_M,10.000000001,"meso-2,6-Diaminoheptanedioate",,,,,,EX_26dap_M_m,EX_26dap_M(e)
91,no3,10.000000001,Nitrate,,,,,,EX_no3_m,EX_no3(e)
92,12dgr180,9.690486083638488,"1,2-Diacyl-sn-glycerol (dioctadecanoyl, n-C18:0)",,,,,,EX_12dgr180_m,EX_12dgr180(e)
93,asn_L,10.000000000000341,L-asparagine,HMDB00168,C00152,6267.0,"InChI=1S/C4H8N2O3/c5-2(4(8)9)1-3(6)7/h2H,1,5H2,(H2,6,7)(H,8,9)/t2-/m0/s1",,EX_asn_L_m,EX_asn_L(e)
94,csn,10.0,cytosine,HMDB00630,C00380,597.0,"InChI=1S/C4H5N3O/c5-3-1-2-6-4(8)7-3/h1-2H,(H3,5,6,7,8)",,EX_csn_m,EX_csn(e)
95,ins,10.0,Inosine,HMDB00195,C00294,6021.0,,,EX_ins_m,EX_ins(e)
96,mqn7,3.1005491238199525,Menaquinone 7,,C00828,4086.0,,,EX_mqn7_m,EX_mqn7(e)
97,ptrc,2.4717456329146614,Putrescine,HMDB01414,C00134,1045.0,InChI=1S/C4H12N2/c5-3-1-2-4-6/h1-6H2/p+2,,EX_ptrc_m,EX_ptrc(e)
98,2dmmq8,1.6889783080084069,2-Demethylmenaquinone 8,,,,,,EX_2dmmq8_m,EX_2dmmq8(e)
99,malt,10.000000002,Maltose,HMDB00163,C00208,439186.0,,,EX_malt_m,EX_malt(e)
100,cellttr,2.6076241192725704,,,,,,,EX_cellttr_m,EX_cellttr(e)
101,cytd,10.0,Cytidine,HMDB00089,C00475,6175.0,"InChI=1S/C9H13N3O5/c10-5-1-2-12(9(16)11-5)8-7(15)6(14)4(3-13)17-8/h1-2,4,6-8,13-15H,3H2,(H2,10,11,16)/t4-,6-,7-,8-/m1/s1",,EX_cytd_m,EX_cytd(e)
102,strch1,10.0,"starch, structure 1 (1,6-{7[1,4-Glc], 4[1,4-Glc]})",,,,,,EX_strch1_m,EX_strch1(e)
103,alaasp,10.000000001,L-alanyl-L-aspartate,,,,,,EX_alaasp_m,EX_alaasp(e)
104,q8,10.0,Ubiquinone-8,,,,,,EX_q8_m,EX_q8(e)
105,xyl_D,10.000000001,aldehydo-D-xylose,,,644160.0,"InChI=1S/C5H10O5/c6-1-3(8)5(10)4(9)2-7/h1,3-5,7-10H,2H2/t3-,4+,5+/m0/s1",,EX_xyl_D_m,EX_xyl_D(e)
106,4hbz,0.04157633,4-hydroxybenzoate,HMDB00500,C00156,,"InChI=1S/C7H6O3/c8-6-3-1-5(2-4-6)7(9)10/h1-4,8H,(H,9,10)/p-1",,EX_4hbz_m,EX_4hbz(e)
107,dextrin,10.0,Dextrin,,C00721,,,,EX_dextrin_m,EX_dextrin(e)
108,melib,10.0,Melibiose,,,,,,EX_melib_m,EX_melib(e)
109,succ,10.0,Succinate,HMDB00254,C00042,1110.0,"InChI=1S/C4H6O4/c5-3(6)1-2-4(7)8/h1-2H2,(H,5,6)(H,7,8)/p-2",,EX_succ_m,EX_succ(e)
110,alagln,10.000000001,L-alanyl-L-glutamine,,,,,,EX_alagln_m,EX_alagln(e)
111,glyasn,10.000000001,Glycyl-L-asparagine,,,,,,EX_glyasn_m,EX_glyasn(e)
112,gthox,0.012815475000000017,Oxidized glutathione,HMDB03337,C00127,65359.0,,,EX_gthox_m,EX_gthox(e)
113,malthx,10.0,Maltohexaose,HMDB12253,C01936,439606.0,,,EX_malthx_m,EX_malthx(e)
114,acald,10.0,acetaldehyde,HMDB00990,C00084,177.0,"InChI=1S/C2H4O/c1-2-3/h2H,1H3",,EX_acald_m,EX_acald(e)
115,mantr,10.000000001,"mannotriose (beta-1,4)",,,,,,EX_mantr_m,EX_mantr(e)
116,glygn2,10.000000001,"glycogen, structure 2 (glycogenin-1,6-{7[1,4-Glc], 4[1,4-Glc]})",,,,,,EX_glygn2_m,EX_glygn2(e)
117,4abz,4.01191908950341,4-Aminobenzoate,,,,,,EX_4abz_m,EX_4abz(e)
118,ade,6.972401407004838,Adenine,HMDB00034,C00147,190.0,"InChI=1S/C5H5N5/c6-4-3-5(9-1-7-3)10-2-8-4/h1-2H,(H3,6,7,8,9,10)",,EX_ade_m,EX_ade(e)
119,glc_D,10.000000001,D-glucose,HMDB00122,C00031,5793.0,,,EX_glc_D_m,EX_glc_D(e)
120,orot,0.0578484,Orotate,HMDB00226,C00295,967.0,"InChI=1S/C5H4N2O4/c8-3-1-2(4(9)10)6-5(11)7-3/h1H,(H,9,10)(H2,6,7,8,11)/p-1",,EX_orot_m,EX_orot(e)
121,pydx5p,0.002443553925932384,Pyridoxal 5-phosphate,HMDB01491,C00018,1051.0,"InChI=1S/C8H10NO6P/c1-5-8(11)7(3-10)6(2-9-5)4-15-16(12,13)14/h2-3,11H,4H2,1H3,(H2,12,13,14)/p-2",,EX_pydx5p_m,EX_pydx5p(e)
122,cit,10.0,Citrate,HMDB00094,C00158,311.0,"InChI=1S/C6H8O7/c7-3(8)1-6(13,5(11)12)2-4(9)10/h13H,1-2H2,(H,7,8)(H,9,10)(H,11,12)/p-3",,EX_cit_m,EX_cit(e)
123,orn,10.0,Ornithine,HMDB00214,C00077,6262.0,"InChI=1S/C5H12N2O2/c6-3-1-2-4(7)5(8)9/h4H,1-3,6-7H2,(H,8,9)/p+1",,EX_orn_m,EX_orn(e)
124,amet,10.0,S-Adenosyl-L-methionine,HMDB01185,C00019,34756.0,,,EX_amet_m,EX_amet(e)
125,btn,0.006991976717761838,Biotin,HMDB00030,C00120,171548.0,"InChI=1S/C10H16N2O3S/c13-8(14)4-2-1-3-7-9-6(5-16-7)11-10(15)12-9/h6-7,9H,1-5H2,(H,13,14)(H2,11,12,15)/p-1/t6-,7-,9-/m0/s1",,EX_btn_m,EX_btn(e)
126,fru,10.000000001,D-Fructose,HMDB00660,C02336,439709.0,,,EX_fru_m,EX_fru(e)
127,xan,10.0,Xanthine,HMDB00292,C00385,1188.0,"InChI=1S/C5H4N4O2/c10-4-2-3(7-1-6-2)8-5(11)9-4/h1H,(H3,6,7,8,9,10,11)",,EX_xan_m,EX_xan(e)
128,cys_L,2.127972338334442,L-cysteine,HMDB00574,C00097,5862.0,"InChI=1S/C3H7NO2S/c4-2(1-7)3(5)6/h2,7H,1,4H2,(H,5,6)/t2-/m0/s1",,EX_cys_L_m,EX_cys_L(e)
129,stys,10.000000001,Stachyose,,,,,,EX_stys_m,EX_stys(e)
130,fum,10.0,Fumarate,HMDB00134,C00122,444972.0,"InChI=1S/C4H4O4/c5-3(6)1-2-4(7)8/h1-2H,(H,5,6)(H,7,8)/p-2/b2-1+",,EX_fum_m,EX_fum(e)
131,dpcoa,0.004887107851864764,Dephospho-CoA,HMDB01373,C00882,444485.0,,,EX_dpcoa_m,EX_dpcoa(e)
132,glutar,3.745453849050323,Glutarate,HMDB00661,C00489,3772.0,"InChI=1S/C5H8O4/c6-4(7)2-1-3-5(8)9/h1-3H2,(H,6,7)(H,8,9)",,EX_glutar_m,EX_glutar(e)
133,glyc,10.0,Glycerol,HMDB00131,C00116,753.0,"InChI=1S/C3H8O3/c4-1-3(6)2-5/h3-6H,1-2H2",,EX_glyc_m,EX_glyc(e)
134,glymet,10.0,Glycyl-L-methionine,,,,,,EX_glymet_m,EX_glymet(e)
135,acgam,10.000000001,N-acetyl-D-glucosamine,HMDB00215,C00140,439174.0,"InChI=1S/C8H15NO6/c1-4(12)9-5(2-10)7(14)8(15)6(13)3-11/h2,5-8,11,13-15H,3H2,1H3,(H,9,12)/t5-,6+,7+,8+/m0/s1",,EX_acgam_m,EX_acgam(e)
136,chor,10.0,chorismate,,,,,,EX_chor_m,EX_chor(e)
137,gam,10.000000001,D-Glucosamine,HMDB01514,C00329,439213.0,,,EX_gam_m,EX_gam(e)
138,alaglu,10.000000001,L-alanyl-L-glutamate,,,,,,EX_alaglu_m,EX_alaglu(e)
139,glyasp,10.000000001,Glycyl-L-aspartate,,,,,,EX_glyasp_m,EX_glyasp(e)
140,gsn,10.0,Guanosine,HMDB00133,C00387,6802.0,,,EX_gsn_m,EX_gsn(e)
141,lanost,0.005429417668615352,lanosterol,HMDB01251,C01724,246983.0,,,EX_lanost_m,EX_lanost(e)
142,sucbz,0.022843800000000077,o-Succinylbenzoate,,,,,,EX_sucbz_m,EX_sucbz(e)
143,gal,10.000000002,D-Galactose,HMDB00143,C00984,439357.0,,,EX_gal_m,EX_gal(e)
144,sucr,10.000000002,Sucrose,HMDB00258,C00089,5988.0,,,EX_sucr_m,EX_sucr(e)
145,h,10.0,proton,HMDB01362,C00282,1038.0,InChI=1S/p+1/i/hH,,EX_h_m,EX_h(e)
146,for,10.0,Formate,HMDB00142,C00058,284.0,"InChI=1S/CH2O2/c2-1-3/h1H,(H,2,3)/p-1",,EX_for_m,EX_for(e)
147,HC00319,0.3811537499999993,Malonate,HMDB00691,C00383,867.0,"InChI=1S/C3H4O4/c4-2(5)1-3(6)7/h1H2,(H,4,5)(H,6,7)",,EX_HC00319_m,EX_HC00319(e)
148,h2s,3.3568267106584093,Hydrogen sulfide,,,,,,EX_h2s_m,EX_h2s(e)
149,arab_D,10.0,D-Arabinose,,,,,,EX_arab_D_m,EX_arab_D(e)
150,gln_L,10.0,L-glutamine,HMDB00641,C00064,5961.0,"InChI=1S/C5H10N2O3/c6-3(5(9)10)1-2-4(7)8/h3H,1-2,6H2,(H2,7,8)(H,9,10)/t3-/m0/s1",,EX_gln_L_m,EX_gln_L(e)
151,tsul,0.01281547500000002,thiosulfate(2-),HMDB00257,C05529,1084.0,"InChI=1S/H2O3S2/c1-5(2,3)4/h(H2,1,2,3,4)/p-2",,EX_tsul_m,EX_tsul(e)
152,akg,5.36124127745116,2-Oxoglutarate,HMDB00208,C00026,51.0,"InChI=1S/C5H6O5/c6-3(5(9)10)1-2-4(7)8/h1-2H2,(H,7,8)(H,9,10)/p-2",,EX_akg_m,EX_akg(e)
153,tre,10.000000002,Trehalose,HMDB00975,C01083,7427.0,,,EX_tre_m,EX_tre(e)
154,alahis,0.5142961450017012,L-alanyl-L-histidine,,C00386,,"InChI=1S/C9H14N4O3/c10-2-1-8(14)13-7(9(15)16)3-6-4-11-5-12-6/h4-5,7H,1-3,10H2,(H,11,12)(H,13,14)(H,15,16)/t7-/m0/s1",,EX_alahis_m,EX_alahis(e)
155,dhna,0.026613840000000007,"1,4-Dihydroxy-2-naphthoate",,,,,,EX_dhna_m,EX_dhna(e)
156,glyc3p,10.000000001,Glycerol 3-phosphate,HMDB00126,C00093,439162.0,"InChI=1S/C3H9O6P/c4-1-3(5)2-9-10(6,7)8/h3-5H,1-2H2,(H2,6,7,8)/p-2/t3-/m1/s1",,EX_glyc3p_m,EX_glyc3p(e)
157,man6p,7.490104757162018,D-Mannose 6-phosphate,HMDB01078,C00275,65127.0,,,EX_man6p_m,EX_man6p(e)
158,man,10.000000001,D-Mannose,HMDB00169,C00159,18950.0,,,EX_man_m,EX_man(e)
159,ac,1.9537490239792454,acetate,HMDB00042,C00033,176.0,"InChI=1S/C2H4O2/c1-2(3)4/h1H3,(H,3,4)/p-1",,EX_ac_m,EX_ac(e)
160,2obut,10.0,2-Oxobutanoate,HMDB00005,C00109,58.0,"InChI=1S/C4H6O3/c1-2-3(5)4(6)7/h2H2,1H3,(H,6,7)/p-1",,EX_2obut_m,EX_2obut(e)
161,acnam,0.085533,N-acetylneuraminate,HMDB00230,C19910,439197.0,,,EX_acnam_m,EX_acnam(e)
162,indole,4.199477742710634,Indole,,,,,,EX_indole_m,EX_indole(e)
163,turan_D,10.000000002,,,,,,,EX_turan_D_m,EX_turan_D(e)
164,3mop,0.548760960000001,3-methyl-2-oxopentanoate,HMDB00491,C03465,47.0,"InChI=1S/C6H10O3/c1-3-4(2)5(7)6(8)9/h4H,3H2,1-2H3,(H,8,9)/p-1",,EX_3mop_m,EX_3mop(e)
165,adn,10.0,Adenosine,HMDB00050,C00212,60961.0,,,EX_adn_m,EX_adn(e)
166,lactl,10.0,,,,,,,EX_lactl_m,EX_lactl(e)
167,co2,10.000000001,carbon dioxide,HMDB01967,C00011,280.0,InChI=1S/CO2/c2-1-3,,EX_co2_m,EX_co2(e)
168,dad_2,8.017350161299165,2-deoxyadenosine,HMDB00101,C00559,13730.0,"InChI=1S/C10H13N5O3/c11-9-8-10(13-3-12-9)15(4-14-8)7-1-5(17)6(2-16)18-7/h3-7,16-17H,1-2H2,(H2,11,12,13)/t5-,6+,7+/m0/s1",,EX_dad_2_m,EX_dad_2(e)
169,glycys,10.000000002,Gly-Cys,,,,,,EX_glycys_m,EX_glycys(e)
170,strch2,10.0,"starch, structure 2 (1,6-{2[1,4-Glc], [1,4-Glc]})",,,,,,EX_strch2_m,EX_strch2(e)
171,inulin,0.6840682380115891,"Chicory inulin, 30 monosaccharide units (29 fru, 1 glc) on average",,C03323,,,,EX_inulin_m,EX_inulin(e)
172,chols,10.000000002,Choline sulfate,,,,,,EX_chols_m,EX_chols(e)
173,kestottr,10.0,"Kestotetraose (3 fru, 1 glc inulin-type fructo-oligosaccharide)",,,,,,EX_kestottr_m,EX_kestottr(e)
174,dtmp,0.011036099999999997,dTMP,HMDB01227,C00364,9700.0,,,EX_dtmp_m,EX_dtmp(e)
175,cellul,1.000853731493373,"Cellulose, chain length 500 glc_D assumed, DOI: 10.1002/anie.200460587",,,,,,EX_cellul_m,EX_cellul(e)
176,arab_L,10.0,L-arabinose,HMDB00646,C00259,,,,EX_arab_L_m,EX_arab_L(e)
177,dcyt,3.328472454050197,Deoxycytidine,HMDB00014,C00881,13711.0,"InChI=1S/C9H13N3O4/c10-7-1-2-12(9(15)11-7)8-3-5(14)6(4-13)16-8/h1-2,5-6,8,13-14H,3-4H2,(H2,10,11,15)/t5-,6+,8+/m0/s1",,EX_dcyt_m,EX_dcyt(e)
178,cellb,10.0,cellobiose,,,,,,EX_cellb_m,EX_cellb(e)
179,atvethgluc,10.0,,,,,,,EX_atvethgluc_m,EX_atvethgluc(e)
180,hst_37_diglc,10.0,,,,,,,EX_hst_37_diglc_m,EX_hst_37_diglc(e)
181,nverp_glc,9.999999999999998,,,,,,,EX_nverp_glc_m,EX_nverp_glc(e)
182,ptvstgluc,4.2892084182518815,,,,,,,EX_ptvstgluc_m,EX_ptvstgluc(e)
183,glcur,10.0,D-glucuronate,HMDB00127,C00191,444791.0,,,EX_glcur_m,EX_glcur(e)
184,dgsn,4.896257869683085,Deoxyguanosine,HMDB00085,C00330,187790.0,"InChI=1S/C10H13N5O4/c11-10-13-8-7(9(18)14-10)12-3-15(8)6-1-4(17)5(2-16)19-6/h3-6,16-17H,1-2H2,(H3,11,13,14,18)/t4-,5+,6+/m0/s1",,EX_dgsn_m,EX_dgsn(e)
185,hspg,2.839147841103264,heparan sulfate proteoglycan,,,,,,EX_hspg_m,EX_hspg(e)
186,cspg_b,10.0,chondroitin sulfate B / dermatan sulfate (IdoA2S-GalNAc4S) proteoglycan,,,,,,EX_cspg_b_m,EX_cspg_b(e)
187,bglc,0.0025019130678123496,beta-glucans,,,,,,EX_bglc_m,EX_bglc(e)
188,duri,9.774371873883009,Deoxyuridine,HMDB00012,C00526,13712.0,"InChI=1S/C9H12N2O5/c12-4-6-5(13)3-8(16-6)11-2-1-7(14)10-9(11)15/h1-2,5-6,8,12-13H,3-4H2,(H,10,14,15)/t5-,6+,8+/m0/s1",,EX_duri_m,EX_duri(e)
189,lcts,10.0,Lactose,HMDB00186,C00243,440995.0,,,EX_lcts_m,EX_lcts(e)
190,xylan,0.030028716912287208,"Oat spelt xylan, MW 79200 (DOI: 10.1002/masy.200551405) = 528 xyl_D",,,,,,EX_xylan_m,EX_xylan(e)
191,gua,1.2045669959580758,Guanine,HMDB00132,C00242,764.0,"InChI=1S/C5H5N5O/c6-5-9-3-2(4(11)10-5)7-1-8-3/h1H,(H4,6,7,8,9,10,11)",,EX_gua_m,EX_gua(e)
192,glc3meacp,0.37236398416757766,,,,,,,EX_glc3meacp_m,EX_glc3meacp(e)
193,tlf_a_m5b,10.000000000999998,,,,,,,EX_tlf_a_m5b_m,EX_tlf_a_m5b(e)
194,uri,2.8127141786954644,Uridine,HMDB00296,C00299,6029.0,"InChI=1S/C9H12N2O6/c12-3-4-6(14)7(15)8(17-4)11-2-1-5(13)10-9(11)16/h1-2,4,6-8,12,14-15H,3H2,(H,10,13,16)/t4-,6-,7-,8-/m1/s1",,EX_uri_m,EX_uri(e)
195,din,2.1891112676081157,Deoxyinosine,HMDB00071,C05512,65058.0,"InChI=1S/C10H12N4O4/c15-2-6-5(16)1-7(18-6)14-4-13-8-9(14)11-3-12-10(8)17/h3-7,15-16H,1-2H2,(H,11,12,17)/t5-,6+,7+/m0/s1",,EX_din_m,EX_din(e)
196,dextran40,0.16304712916666667,"Dextran 40, 1,6-alpha-D-Glucan",,C00372,,,,EX_dextran40_m,EX_dextran40(e)
197,galmannan,0.005953252050141779,"Carob galactomannan, Gal:Man ratio 22/78. 220 gal, 780 man assumed",,,,,,EX_galmannan_m,EX_galmannan(e)
198,metsox_S_L,1.4102204973849153,L-Methionine Sulfoxide,,,,,,EX_metsox_S_L_m,EX_metsox_S_L(e)
199,amylopect900,0.011591513612496895,"Amylopectin, 900 repeat units",,C00317,,,,EX_amylopect900_m,EX_amylopect900(e)
200,raffin,9.719583274155863,Raffinose,,,,,,EX_raffin_m,EX_raffin(e)
201,malttr,6.174051963960822,maltotriose,HMDB01262,C01835,439586.0,,,EX_malttr_m,EX_malttr(e)
202,metala,10.000000001,L-methionyl-L-alanine,,,,"InChI=1S/C8H16N2O3S/c1-5(8(12)13)10-7(11)6(9)3-4-14-2/h5-6H,3-4,9H2,1-2H3,(H,10,11)(H,12,13)/t5-,6-/m0/s1",,EX_metala_m,EX_metala(e)
203,gcald,10.0,glycolaldehyde,HMDB03344,C00266,756.0,"InChI=1S/C2H4O2/c3-1-2-4/h1,4H,2H2",,EX_gcald_m,EX_gcald(e)
204,alathr,10.0,L-alanyl-L-threonine,,,,,,EX_alathr_m,EX_alathr(e)
205,anzp,9.146488209790526,,,,,,,EX_anzp_m,EX_anzp(e)
206,kestopt,10.0,"Kestopentaose (4 fru, 1 glc inulin-type fructo-oligosaccharide)",,,,,,EX_kestopt_m,EX_kestopt(e)
207,tmao,10.0,Trimethylamine N-oxide,,,,,,EX_tmao_m,EX_tmao(e)
208,tma,10.0,trimethylamine,,,,,,EX_tma_m,EX_tma(e)
209,7a_czp,8.423343284046165,,,,,,,EX_7a_czp_m,EX_7a_czp(e)
210,amylose300,0.03706454660509206,"amylose (n=300 repeat units, alpha-1,4-glc)",,,,,,EX_amylose300_m,EX_amylose300(e)
211,alagly,2.99485990216192,L-alanylglycine,,,,,,EX_alagly_m,EX_alagly(e)
212,amp,0.05269031982435025,AMP,HMDB00045,C00020,6083.0,,,EX_amp_m,EX_amp(e)
213,acmana,0.05960129999999999,N-acetyl-D-mannosamine,HMDB01129,C00645,439281.0,"InChI=1S/C8H15NO6/c1-4(12)9-5(2-10)7(14)8(15)6(13)3-11/h2,5-8,11,13-15H,3H2,1H3,(H,9,12)/t5-,6-,7-,8-/m0/s1",,EX_acmana_m,EX_acmana(e)
214,gtp,10.0,GTP,HMDB01273,C00044,6830.0,,,EX_gtp_m,EX_gtp(e)
215,no,10.0,Nitric oxide,HMDB03378,C00533,145068.0,InChI=1S/NO/c1-2,,EX_no_m,EX_no(e)
216,r788,1.6553605955640922,,,,,,,EX_r788_m,EX_r788(e)
217,cmp,0.02523120000000001,CMP,HMDB00095,C00055,6131.0,,,EX_cmp_m,EX_cmp(e)
218,czp,10.0,,,,,,,EX_czp_m,EX_czp(e)
219,abt,10.0,L-arabinitol,HMDB01851,C00532,439255.0,"InChI=1S/C5H12O5/c6-1-3(8)5(10)4(9)2-7/h3-10H,1-2H2/t3-,4-/m0/s1",,EX_abt_m,EX_abt(e)
220,mnl,10.0,D-Mannitol,,,,,,EX_mnl_m,EX_mnl(e)
221,pect,0.020224917695214437,pectins,,,,,,EX_pect_m,EX_pect(e)
222,arbt,10.0,Arbutin,,C06186,,,,EX_arbt_m,EX_arbt(e)
223,drib,10.000000002,2-deoxy-D-ribose,HMDB03224,C01801,22833604.0,"InChI=1S/C5H10O4/c6-2-1-4(8)5(9)3-7/h2,4-5,7-9H,1,3H2/t4-,5+/m0/s1",,EX_drib_m,EX_drib(e)
224,nh4,10.0,Ammonium,HMDB00051,C00014,223.0,InChI=1S/H3N/h1H3/p+1,,EX_nh4_m,EX_nh4(e)
225,rbflvrd,10.0,Reduced riboflavin,,,,,,EX_rbflvrd_m,EX_rbflvrd(e)
226,glyleu,10.000000001,Glycylleucine,HMDB00759,C02155,92843.0,,,EX_glyleu_m,EX_glyleu(e)
227,sbt_D,10.0,D-glucitol,HMDB00247,C00794,5780.0,"InChI=1S/C6H14O6/c7-1-3(9)5(11)6(12)4(10)2-8/h3-12H,1-2H2/t3-,4+,5-,6-/m1/s1",,EX_sbt_D_m,EX_sbt_D(e)
228,4ahmmp,0.0023819099999999997,4-Amino-5-hydroxymethyl-2-methylpyrimidine,,,,,,EX_4ahmmp_m,EX_4ahmmp(e)
229,nzp,9.193635516158512,,,,,,,EX_nzp_m,EX_nzp(e)
230,glypro,10.0,Glycylproline,HMDB00721,,79101.0,,,EX_glypro_m,EX_glypro(e)
231,xyluglc,0.013860349181157002,"Xyluglucan, PMID:16663672, Fry SC 1989. 600 glc_D, 360 xyl_D, 108 gal, 60 fuc_L, 6 arab_L",,,,,,EX_xyluglc_m,EX_xyluglc(e)
232,mal_L,10.0,(S)-malate(2-),HMDB00156,C00149,222656.0,"InChI=1S/C4H6O5/c5-2(4(8)9)1-3(6)7/h2,5H,1H2,(H,6,7)(H,8,9)/p-2/t2-/m0/s1",,EX_mal_L_m,EX_mal_L(e)
233,lac_L,10.0,(S)-lactate,HMDB00190,C00186,107689.0,"InChI=1S/C3H6O3/c1-2(4)3(5)6/h2,4H,1H3,(H,5,6)/p-1/t2-/m0/s1",,EX_lac_L_m,EX_lac_L(e)
234,1hibupglu_S,3.1395354933106563,,,,,,,EX_1hibupglu_S_m,EX_1hibupglu_S(e)
235,no2,1.306022157459694,Nitrite,HMDB02786,C00088,24529.0,"InChI=1S/HNO2/c2-1-3/h(H,2,3)/p-1",,EX_no2_m,EX_no2(e)
236,galt,10.0,galactitol,HMDB00107,C01697,11850.0,"InChI=1S/C6H14O6/c7-1-3(9)5(11)6(12)4(10)2-8/h3-12H,1-2H2/t3-,4+,5+,6-",,EX_galt_m,EX_galt(e)
237,g6p,3.4913355341726575,D-Glucose 6-phosphate,HMDB01401,C00092,5958.0,,,EX_g6p_m,EX_g6p(e)
238,inost,9.593583081666662,myo-inositol,HMDB00211,C00137,892.0,"InChI=1S/C6H12O6/c7-1-2(8)4(10)6(12)5(11)3(1)9/h1-12H/t1-,2-,3-,4+,5-,6-",,EX_inost_m,EX_inost(e)
239,galct_D,3.4406886050511982,D-Galactarate,,,,,,EX_galct_D_m,EX_galct_D(e)
240,dfdcytd,2.3219474800416773,,,,,,,EX_dfdcytd_m,EX_dfdcytd(e)
241,lac_D,10.0,(R)-lactate,HMDB01311,C00256,61503.0,"InChI=1S/C3H6O3/c1-2(4)3(5)6/h2,4H,1H3,(H,5,6)/p-1/t2-/m1/s1",,EX_lac_D_m,EX_lac_D(e)
242,pyr,10.0,pyruvate,HMDB00243,C00022,1060.0,"InChI=1S/C3H4O3/c1-2(4)3(5)6/h1H3,(H,5,6)/p-1",,EX_pyr_m,EX_pyr(e)
243,glcn,10.0,D-gluconate,HMDB00625,C00257,10690.0,"InChI=1S/C6H12O7/c7-1-2(8)3(9)4(10)5(11)6(12)13/h2-5,7-11H,1H2,(H,12,13)/p-1/t2-,3-,4+,5-/m1/s1",,EX_glcn_m,EX_glcn(e)
244,galur,9.563577882058777,D-Galacturonate,,,,,,EX_galur_m,EX_galur(e)
245,bhb,10.0,(R)-3-hydroxybutyrate,HMDB00011,C01089,,"InChI=1S/C4H8O3/c1-3(5)2-4(6)7/h3,5H,2H2,1H3,(H,6,7)/p-1/t3-/m1/s1",,EX_bhb_m,EX_bhb(e)
246,glu_D,0.00054183,D-Glutamate,,,,,,EX_glu_D_m,EX_glu_D(e)
247,acac,10.0,acetoacetate,HMDB00060,C00164,96.0,"InChI=1S/C4H6O3/c1-3(5)2-4(6)7/h2H2,1H3,(H,6,7)/p-1",,EX_acac_m,EX_acac(e)
248,lmn30,0.15280642615282727,"laminarin (n=30 repeat units, beta -1,3 glc)",,,,,,EX_lmn30_m,EX_lmn30(e)
249,pecticgal,0.05954185941048529,"Pectic galactan (potato), gal: arab-L: rmn: galur = 78: 9: 4: 9 (www.megazyme.com). Assumed to consist of 100 sugars per macromo... <Preview truncated at 128 characters>",,,,,,EX_pecticgal_m,EX_pecticgal(e)
250,h2,10.0,Hydrogen,HMDB01362,C00282,783.0,InChI=1S/H2/h1H,,EX_h2_m,EX_h2(e)
251,fald,9.64623288157252,formaldehyde,HMDB01426,C00067,712.0,InChI=1S/CH2O/c1-2/h1H2,,EX_fald_m,EX_fald(e)
252,dgchol,2.4392873043660828,glycochenodeoxycholate,HMDB00637,C05466,,,,EX_dgchol_m,EX_dgchol(e)
253,nadp,0.0023819099999998353,Nicotinamide adenine dinucleotide phosphate,HMDB00217,C00006,5886.0,,,EX_nadp_m,EX_nadp(e)
254,thmmp,0.0023819099999999997,Thiamin monophosphate,HMDB02666,C01081,3382778.0,,,EX_thmmp_m,EX_thmmp(e)
255,rmn,10.0,L-Rhamnose,,,,,,EX_rmn_m,EX_rmn(e)
256,rpn_104557_cb_glc,10.0,,,,,,,EX_rpn_104557_cb_glc_m,EX_rpn_104557_cb_glc(e)
257,sbzcoa,0.0047481839999989894,O-Succinylbenzoyl-CoA,,,,,,EX_sbzcoa_m,EX_sbzcoa(e)
258,5aop,0.017268719999999564,5-Amino-4-oxopentanoate,HMDB01149,C00430,137.0,"InChI=1S/C5H9NO3/c6-3-4(7)1-2-5(8)9/h1-3,6H2,(H,8,9)",,EX_5aop_m,EX_5aop(e)
259,salcn,7.848463914980912,Salicin,,C01451,,,,EX_salcn_m,EX_salcn(e)
260,srv,6.612244934405396,,,,,,,EX_srv_m,EX_srv(e)
261,alaleu,10.0,L-alanyl-L-leucine,,,,,,EX_alaleu_m,EX_alaleu(e)
262,eltr_m3,5.067164258930239,,,,,,,EX_eltr_m3_m,EX_eltr_m3(e)
263,adocbl,0.088869599999994,Adenosylcobalamin,HMDB02086,C00194,,,,EX_adocbl_m,EX_adocbl(e)
264,tet,10.0,Tetrathionate,,,,,,EX_tet_m,EX_tet(e)
265,fuc_L,10.0,L-fucose,HMDB00174,C01019,17106.0,,,EX_fuc_L_m,EX_fuc_L(e)
266,5aptn,10.0,5-Aminopentanoate,,,3720.0,"InChI=1S/C5H11NO2/c6-4-2-1-3-5(7)8/h1-4,6H2,(H,7,8)",,EX_5aptn_m,EX_5aptn(e)
267,Lcystin,10.0,L-cystine,HMDB00192,C00491,,"InChI=1S/C6H12N2O4S2/c7-3(5(9)10)1-13-14-2-4(8)6(11)12/h3-4H,1-2,7-8H2,(H,9,10)(H,11,12)/t3-,4-/m0/s1",,EX_Lcystin_m,EX_Lcystin(e)
268,bocbnleu,0.00019095500000000003,,,,,,,EX_bocbnleu_m,EX_bocbnleu(e)
269,xtsn,0.014321520000008192,xanthosine,HMDB00299,C01762,64959.0,,,EX_xtsn_m,EX_xtsn(e)
